Stage,Custo,Relacionais,Classes_Total,Min,Max,Media
0,340282350000000000000000000000000000000,0,3,1,1,1.00
1,0.21000001,0,3,1,1,1.00
2,0.21000001,0,3,1,1,1.00
3,0.21000001,0,3,1,1,1.00
